INSERT INTO `adrese_roluri`( `id`, `cod_cfg_localitati`, `tip`, `volum`, `pozitie`, `id_adresa_rol`, `cod_cfg_exploatatii`, `id_persoana`, `rol_impozite`, `data_declaratie`, `nr_inregistrare`, `data_inregistrare`, `semnat`, `anulat`	)VALUES('eccd857b-8bdf-4ba8-845a-aa33fd3844fa', 1, 3, 1, 1, 'a0e766ce-5b7d-427f-b814-95a719f4b1e4', 5, '1c48583f-78c8-423b-b5d6-8227728e4e54', '', '0000-00-00', '', '0000-00-00', 1, NULL);
INSERT INTO `adrese`( `id`, `tip`, `judet`, `localitate`, `zona`, `strada`, `numar`, `litera`, `bloc`, `scara`, `etaj`, `apartament`, `cod_postal`, `cod_siruta`)VALUES( 'a0e766ce-5b7d-427f-b814-95a719f4b1e4', 'GOS', 'NEAMT', 'BORCA', 'BORCA', '', 247, '', '', '', '', '', '617075', '121661');
INSERT INTO `adrese`( `id`, `tip`, `judet`, `localitate`, `zona`, `strada`, `numar`, `litera`, `bloc`, `scara`, `etaj`, `apartament`, `cod_postal`, `cod_siruta`)VALUES( 'a65a3c7a-cf32-4f2f-ba3b-084fcb2cd35d', 'PJ', 'NEAMT', 'BORCA', 'BORCA', '', 247, '', '', '', '', '', '617075', '121661');
INSERT INTO `persoane_juridice` (`id`, `cod_forma_organizare`, `denumire`, `filiala`, `cif`, `cui`, `registrul_comertului`, `nume_reprezentant`, `intiala_reprezenant`, `prenume_reprezentant`, `functia`, `telefon`, `email`, `id_adrese`) VALUES ('1c48583f-78c8-423b-b5d6-8227728e4e54', 2, 'PIPA', 'Borca', '19010927', '19010927', 'RC: 45435435', 'Tudor', 'V', 'Valetin', 'Director', '9999999999', 'pipa_pita@yahoo.com', 'f02e9699-a11c-4d9f-dfc9-7c1e1efff2ef');
INSERT INTO `adrese_roluri`( `id`, `cod_cfg_localitati`, `tip`, `volum`, `pozitie`, `id_adresa_rol`, `cod_cfg_exploatatii`, `id_persoana`, `rol_impozite`, `data_declaratie`, `nr_inregistrare`, `data_inregistrare`, `semnat`, `anulat`	)VALUES('7bee10d5-4b86-461a-8b66-a66bf1067369', 1, 3, 1, 10, 'e0982b60-4c80-4f4e-becf-8e2d8454df9e', 11, '403df63e-848f-43ee-83df-562c1fa4e658', '', '0000-00-00', '', '0000-00-00', 1, NULL);
INSERT INTO `adrese`( `id`, `tip`, `judet`, `localitate`, `zona`, `strada`, `numar`, `litera`, `bloc`, `scara`, `etaj`, `apartament`, `cod_postal`, `cod_siruta`)VALUES( 'e0982b60-4c80-4f4e-becf-8e2d8454df9e', 'GOS', 'NEAMT', 'BORCA', 'BORCA', 'BISERICII', 113, '', '', '', '', '', '617075', '121661');
INSERT INTO `adrese`( `id`, `tip`, `judet`, `localitate`, `zona`, `strada`, `numar`, `litera`, `bloc`, `scara`, `etaj`, `apartament`, `cod_postal`, `cod_siruta`)VALUES( '9a844474-68c5-4756-bccc-5c46d9632d0a', 'PJ', 'NEAMT', 'BORCA', 'BORCA', 'BISERICII', 113, '', '', '', '', '', '617075', '121661');
INSERT INTO `persoane_juridice` (`id`, `cod_forma_organizare`, `denumire`, `filiala`, `cif`, `cui`, `registrul_comertului`, `nume_reprezentant`, `intiala_reprezenant`, `prenume_reprezentant`, `functia`, `telefon`, `email`, `id_adrese`) VALUES ('403df63e-848f-43ee-83df-562c1fa4e658', 2, 'PIPA', 'Borca', '19010927', '19010927', 'RC: 45435435', 'Tudor', 'V', 'Valetin', 'Director', '9999999999', 'pipa_pita@yahoo.com', 'f02e9699-a11c-4d9f-dfc9-7c1e1efff2ef');
INSERT INTO `adrese_roluri`( `id`, `cod_cfg_localitati`, `tip`, `volum`, `pozitie`, `id_adresa_rol`, `cod_cfg_exploatatii`, `id_persoana`, `rol_impozite`, `data_declaratie`, `nr_inregistrare`, `data_inregistrare`, `semnat`, `anulat`	)VALUES('a7010e93-ecd7-4b31-b39e-56d5e86dc620', 1, 3, 1, 11, '14ca8463-bd44-4c02-bda4-bcf9a2f34dcd', 11, 'c01caaf4-385c-4583-a112-b1e083c783e2', '', '0000-00-00', '', '0000-00-00', 1, NULL);
INSERT INTO `adrese`( `id`, `tip`, `judet`, `localitate`, `zona`, `strada`, `numar`, `litera`, `bloc`, `scara`, `etaj`, `apartament`, `cod_postal`, `cod_siruta`)VALUES( '14ca8463-bd44-4c02-bda4-bcf9a2f34dcd', 'GOS', 'NEAMT', 'BORCA', 'BORCA', 'BISERICII', 1, '', '', '', '', '', '617075', '121661');
INSERT INTO `adrese`( `id`, `tip`, `judet`, `localitate`, `zona`, `strada`, `numar`, `litera`, `bloc`, `scara`, `etaj`, `apartament`, `cod_postal`, `cod_siruta`)VALUES( '1614d280-eccd-440d-88c5-d2aae779f5a8', 'PJ', 'NEAMT', 'BORCA', 'BORCA', 'BISERICII', 1, '', '', '', '', '', '617075', '121661');
INSERT INTO `persoane_juridice` (`id`, `cod_forma_organizare`, `denumire`, `filiala`, `cif`, `cui`, `registrul_comertului`, `nume_reprezentant`, `intiala_reprezenant`, `prenume_reprezentant`, `functia`, `telefon`, `email`, `id_adrese`) VALUES ('c01caaf4-385c-4583-a112-b1e083c783e2', 2, 'PIPA', 'Borca', '19010927', '19010927', 'RC: 45435435', 'Tudor', 'V', 'Valetin', 'Director', '9999999999', 'pipa_pita@yahoo.com', 'f02e9699-a11c-4d9f-dfc9-7c1e1efff2ef');
INSERT INTO `adrese_roluri`( `id`, `cod_cfg_localitati`, `tip`, `volum`, `pozitie`, `id_adresa_rol`, `cod_cfg_exploatatii`, `id_persoana`, `rol_impozite`, `data_declaratie`, `nr_inregistrare`, `data_inregistrare`, `semnat`, `anulat`	)VALUES('5a0601cb-f5e6-4f5c-b565-e6255585c87c', 1, 3, 1, 12, '797ec65f-2757-40ba-ae0b-ed929b894e34', 11, '99e8dd11-e353-4da7-b475-7e1e19b24cbd', '', '0000-00-00', '', '0000-00-00', 1, NULL);
INSERT INTO `adrese`( `id`, `tip`, `judet`, `localitate`, `zona`, `strada`, `numar`, `litera`, `bloc`, `scara`, `etaj`, `apartament`, `cod_postal`, `cod_siruta`)VALUES( '797ec65f-2757-40ba-ae0b-ed929b894e34', 'GOS', 'NEAMT', 'BORCA', 'BORCA', 'BISERICII', 15, '', '', '', '', '', '617075', '121661');
INSERT INTO `adrese`( `id`, `tip`, `judet`, `localitate`, `zona`, `strada`, `numar`, `litera`, `bloc`, `scara`, `etaj`, `apartament`, `cod_postal`, `cod_siruta`)VALUES( '85eac7a5-4713-4c0a-a25f-2d508da17934', 'PJ', 'NEAMT', 'BORCA', 'BORCA', 'BISERICII', 15, '', '', '', '', '', '617075', '121661');
INSERT INTO `persoane_juridice` (`id`, `cod_forma_organizare`, `denumire`, `filiala`, `cif`, `cui`, `registrul_comertului`, `nume_reprezentant`, `intiala_reprezenant`, `prenume_reprezentant`, `functia`, `telefon`, `email`, `id_adrese`) VALUES ('99e8dd11-e353-4da7-b475-7e1e19b24cbd', 2, 'PIPA', 'Borca', '19010927', '19010927', 'RC: 45435435', 'Tudor', 'V', 'Valetin', 'Director', '9999999999', 'pipa_pita@yahoo.com', 'f02e9699-a11c-4d9f-dfc9-7c1e1efff2ef');
INSERT INTO `adrese_roluri`( `id`, `cod_cfg_localitati`, `tip`, `volum`, `pozitie`, `id_adresa_rol`, `cod_cfg_exploatatii`, `id_persoana`, `rol_impozite`, `data_declaratie`, `nr_inregistrare`, `data_inregistrare`, `semnat`, `anulat`	)VALUES('9ee3cf5e-c083-4cfb-8006-b9e3720059a1', 1, 3, 1, 13, '9d18e1ae-0cbb-479e-99bd-e4b82c36f5f5', 11, '59829fcc-c6d8-4dad-acf8-76a124eacedb', '', '0000-00-00', '', '0000-00-00', 1, NULL);
INSERT INTO `adrese`( `id`, `tip`, `judet`, `localitate`, `zona`, `strada`, `numar`, `litera`, `bloc`, `scara`, `etaj`, `apartament`, `cod_postal`, `cod_siruta`)VALUES( '9d18e1ae-0cbb-479e-99bd-e4b82c36f5f5', 'GOS', 'NEAMT', 'BORCA', 'BORCA', '', 0, '', '', '', '', '', '617075', '121661');
INSERT INTO `adrese`( `id`, `tip`, `judet`, `localitate`, `zona`, `strada`, `numar`, `litera`, `bloc`, `scara`, `etaj`, `apartament`, `cod_postal`, `cod_siruta`)VALUES( '06b740d3-6cd3-40b1-abed-63cc7e79b3c3', 'PJ', 'NEAMT', 'BORCA', 'BORCA', '', 0, '', '', '', '', '', '617075', '121661');
INSERT INTO `persoane_juridice` (`id`, `cod_forma_organizare`, `denumire`, `filiala`, `cif`, `cui`, `registrul_comertului`, `nume_reprezentant`, `intiala_reprezenant`, `prenume_reprezentant`, `functia`, `telefon`, `email`, `id_adrese`) VALUES ('59829fcc-c6d8-4dad-acf8-76a124eacedb', 2, 'PIPA', 'Borca', '19010927', '19010927', 'RC: 45435435', 'Tudor', 'V', 'Valetin', 'Director', '9999999999', 'pipa_pita@yahoo.com', 'f02e9699-a11c-4d9f-dfc9-7c1e1efff2ef');
INSERT INTO `adrese_roluri`( `id`, `cod_cfg_localitati`, `tip`, `volum`, `pozitie`, `id_adresa_rol`, `cod_cfg_exploatatii`, `id_persoana`, `rol_impozite`, `data_declaratie`, `nr_inregistrare`, `data_inregistrare`, `semnat`, `anulat`	)VALUES('8b2c1cc4-f1a0-42bc-8f8d-a642bd1149e7', 1, 3, 1, 14, 'f8355f1b-273f-409f-9965-a67ae368ad00', 11, '2b8d6513-ba78-40d0-a03a-5c5601ec4f6d', '', '0000-00-00', '', '0000-00-00', 1, NULL);
INSERT INTO `adrese`( `id`, `tip`, `judet`, `localitate`, `zona`, `strada`, `numar`, `litera`, `bloc`, `scara`, `etaj`, `apartament`, `cod_postal`, `cod_siruta`)VALUES( 'f8355f1b-273f-409f-9965-a67ae368ad00', 'GOS', 'NEAMT', 'BORCA', 'BORCA', '', 0, '', '', '', '', '', '617075', '121661');
INSERT INTO `adrese`( `id`, `tip`, `judet`, `localitate`, `zona`, `strada`, `numar`, `litera`, `bloc`, `scara`, `etaj`, `apartament`, `cod_postal`, `cod_siruta`)VALUES( 'f12defc1-5afd-499a-affc-bd1091a6857d', 'PJ', 'NEAMT', 'BORCA', 'BORCA', '', 0, '', '', '', '', '', '617075', '121661');
INSERT INTO `persoane_juridice` (`id`, `cod_forma_organizare`, `denumire`, `filiala`, `cif`, `cui`, `registrul_comertului`, `nume_reprezentant`, `intiala_reprezenant`, `prenume_reprezentant`, `functia`, `telefon`, `email`, `id_adrese`) VALUES ('2b8d6513-ba78-40d0-a03a-5c5601ec4f6d', 2, 'PIPA', 'Borca', '19010927', '19010927', 'RC: 45435435', 'Tudor', 'V', 'Valetin', 'Director', '9999999999', 'pipa_pita@yahoo.com', 'f02e9699-a11c-4d9f-dfc9-7c1e1efff2ef');
INSERT INTO `adrese_roluri`( `id`, `cod_cfg_localitati`, `tip`, `volum`, `pozitie`, `id_adresa_rol`, `cod_cfg_exploatatii`, `id_persoana`, `rol_impozite`, `data_declaratie`, `nr_inregistrare`, `data_inregistrare`, `semnat`, `anulat`	)VALUES('0b04b94b-1178-4709-ba1f-c52f736627b0', 1, 3, 1, 15, 'f9d4315c-1f78-4211-a03e-a2ad2993478c', 11, '9518fb42-78a6-4ac6-9250-5e7445178b66', '', '0000-00-00', '', '0000-00-00', 1, NULL);
INSERT INTO `adrese`( `id`, `tip`, `judet`, `localitate`, `zona`, `strada`, `numar`, `litera`, `bloc`, `scara`, `etaj`, `apartament`, `cod_postal`, `cod_siruta`)VALUES( 'f9d4315c-1f78-4211-a03e-a2ad2993478c', 'GOS', 'NEAMT', 'BORCA', 'BORCA', '', 0, '', '', '', '', '', '617075', '121661');
INSERT INTO `adrese`( `id`, `tip`, `judet`, `localitate`, `zona`, `strada`, `numar`, `litera`, `bloc`, `scara`, `etaj`, `apartament`, `cod_postal`, `cod_siruta`)VALUES( '6074816c-9a7a-44da-9965-0e79f95ccdb5', 'PJ', 'NEAMT', 'BORCA', 'BORCA', '', 0, '', '', '', '', '', '617075', '121661');
INSERT INTO `persoane_juridice` (`id`, `cod_forma_organizare`, `denumire`, `filiala`, `cif`, `cui`, `registrul_comertului`, `nume_reprezentant`, `intiala_reprezenant`, `prenume_reprezentant`, `functia`, `telefon`, `email`, `id_adrese`) VALUES ('9518fb42-78a6-4ac6-9250-5e7445178b66', 2, 'PIPA', 'Borca', '19010927', '19010927', 'RC: 45435435', 'Tudor', 'V', 'Valetin', 'Director', '9999999999', 'pipa_pita@yahoo.com', 'f02e9699-a11c-4d9f-dfc9-7c1e1efff2ef');
INSERT INTO `adrese_roluri`( `id`, `cod_cfg_localitati`, `tip`, `volum`, `pozitie`, `id_adresa_rol`, `cod_cfg_exploatatii`, `id_persoana`, `rol_impozite`, `data_declaratie`, `nr_inregistrare`, `data_inregistrare`, `semnat`, `anulat`	)VALUES('11895d2b-3e07-4275-be2f-557e9d19acd4', 1, 3, 1, 16, '8c9ef1da-0cb7-47d5-aff0-cb0536247419', 11, '814333ec-65ac-4a58-b19a-06baafad4bf4', '', '0000-00-00', '', '0000-00-00', 1, NULL);
INSERT INTO `adrese`( `id`, `tip`, `judet`, `localitate`, `zona`, `strada`, `numar`, `litera`, `bloc`, `scara`, `etaj`, `apartament`, `cod_postal`, `cod_siruta`)VALUES( '8c9ef1da-0cb7-47d5-aff0-cb0536247419', 'GOS', 'NEAMT', 'BORCA', 'BORCA', '', 0, '', '', '', '', '', '617075', '121661');
INSERT INTO `adrese`( `id`, `tip`, `judet`, `localitate`, `zona`, `strada`, `numar`, `litera`, `bloc`, `scara`, `etaj`, `apartament`, `cod_postal`, `cod_siruta`)VALUES( 'd55ce5ee-3f2b-468d-848a-99cc91f84ebe', 'PJ', 'NEAMT', 'BORCA', 'BORCA', '', 0, '', '', '', '', '', '617075', '121661');
INSERT INTO `persoane_juridice` (`id`, `cod_forma_organizare`, `denumire`, `filiala`, `cif`, `cui`, `registrul_comertului`, `nume_reprezentant`, `intiala_reprezenant`, `prenume_reprezentant`, `functia`, `telefon`, `email`, `id_adrese`) VALUES ('814333ec-65ac-4a58-b19a-06baafad4bf4', 2, 'PIPA', 'Borca', '19010927', '19010927', 'RC: 45435435', 'Tudor', 'V', 'Valetin', 'Director', '9999999999', 'pipa_pita@yahoo.com', 'f02e9699-a11c-4d9f-dfc9-7c1e1efff2ef');
INSERT INTO `adrese_roluri`( `id`, `cod_cfg_localitati`, `tip`, `volum`, `pozitie`, `id_adresa_rol`, `cod_cfg_exploatatii`, `id_persoana`, `rol_impozite`, `data_declaratie`, `nr_inregistrare`, `data_inregistrare`, `semnat`, `anulat`	)VALUES('46cab688-7f64-4efc-b53e-5ddaab685103', 1, 3, 1, 17, '8e42f4cf-ce9c-46eb-8cec-bc0327b238ff', 1, '05eea735-7c83-40ad-8301-2ee821582f90', '', '0000-00-00', '', '0000-00-00', 1, NULL);
INSERT INTO `adrese`( `id`, `tip`, `judet`, `localitate`, `zona`, `strada`, `numar`, `litera`, `bloc`, `scara`, `etaj`, `apartament`, `cod_postal`, `cod_siruta`)VALUES( '8e42f4cf-ce9c-46eb-8cec-bc0327b238ff', 'GOS', 'NEAMT', 'BORCA', 'BORCA', '', 0, '', '', '', '', '', '617075', '121661');
INSERT INTO `adrese`( `id`, `tip`, `judet`, `localitate`, `zona`, `strada`, `numar`, `litera`, `bloc`, `scara`, `etaj`, `apartament`, `cod_postal`, `cod_siruta`)VALUES( 'e78bc646-629d-4ec3-8a01-7bc4af852da2', 'PJ', 'NEAMT', 'BORCA', 'BORCA', '', 0, '', '', '', '', '', '617075', '121661');
INSERT INTO `persoane_juridice` (`id`, `cod_forma_organizare`, `denumire`, `filiala`, `cif`, `cui`, `registrul_comertului`, `nume_reprezentant`, `intiala_reprezenant`, `prenume_reprezentant`, `functia`, `telefon`, `email`, `id_adrese`) VALUES ('05eea735-7c83-40ad-8301-2ee821582f90', 2, 'PIPA', 'Borca', '19010927', '19010927', 'RC: 45435435', 'Tudor', 'V', 'Valetin', 'Director', '9999999999', 'pipa_pita@yahoo.com', 'f02e9699-a11c-4d9f-dfc9-7c1e1efff2ef');
INSERT INTO `adrese_roluri`( `id`, `cod_cfg_localitati`, `tip`, `volum`, `pozitie`, `id_adresa_rol`, `cod_cfg_exploatatii`, `id_persoana`, `rol_impozite`, `data_declaratie`, `nr_inregistrare`, `data_inregistrare`, `semnat`, `anulat`	)VALUES('2b7cf103-abd7-48e6-86f3-cb185e204325', 1, 3, 1, 18, '1511cf26-8c77-4625-a54c-4fde357af4ce', 11, '6ae62b2d-336d-4e58-ae57-dee2d5b9b311', '', '0000-00-00', '', '0000-00-00', 1, NULL);
INSERT INTO `adrese`( `id`, `tip`, `judet`, `localitate`, `zona`, `strada`, `numar`, `litera`, `bloc`, `scara`, `etaj`, `apartament`, `cod_postal`, `cod_siruta`)VALUES( '1511cf26-8c77-4625-a54c-4fde357af4ce', 'GOS', 'NEAMT', 'BORCA', 'BORCA', '', 0, '', '', '', '', '', '617075', '121661');
INSERT INTO `adrese`( `id`, `tip`, `judet`, `localitate`, `zona`, `strada`, `numar`, `litera`, `bloc`, `scara`, `etaj`, `apartament`, `cod_postal`, `cod_siruta`)VALUES( '00a9e0d1-bf51-4424-a962-d4b30179b0b6', 'PJ', 'NEAMT', 'BORCA', 'BORCA', '', 0, '', '', '', '', '', '617075', '121661');
INSERT INTO `persoane_juridice` (`id`, `cod_forma_organizare`, `denumire`, `filiala`, `cif`, `cui`, `registrul_comertului`, `nume_reprezentant`, `intiala_reprezenant`, `prenume_reprezentant`, `functia`, `telefon`, `email`, `id_adrese`) VALUES ('6ae62b2d-336d-4e58-ae57-dee2d5b9b311', 2, 'PIPA', 'Borca', '19010927', '19010927', 'RC: 45435435', 'Tudor', 'V', 'Valetin', 'Director', '9999999999', 'pipa_pita@yahoo.com', 'f02e9699-a11c-4d9f-dfc9-7c1e1efff2ef');
INSERT INTO `adrese_roluri`( `id`, `cod_cfg_localitati`, `tip`, `volum`, `pozitie`, `id_adresa_rol`, `cod_cfg_exploatatii`, `id_persoana`, `rol_impozite`, `data_declaratie`, `nr_inregistrare`, `data_inregistrare`, `semnat`, `anulat`	)VALUES('7b07181f-9770-4c13-a190-34e31e8064d8', 1, 3, 1, 19, '093f087b-847b-4fd8-8245-df1c04cd719f', 5, '37bdc2f7-f200-45c2-a2e7-6df4e78c9b22', '', '0000-00-00', '', '0000-00-00', 1, NULL);
INSERT INTO `adrese`( `id`, `tip`, `judet`, `localitate`, `zona`, `strada`, `numar`, `litera`, `bloc`, `scara`, `etaj`, `apartament`, `cod_postal`, `cod_siruta`)VALUES( '093f087b-847b-4fd8-8245-df1c04cd719f', 'GOS', 'NEAMT', 'BORCA', 'BORCA', '', 0, '', '', '', '', '', '617075', '121661');
INSERT INTO `adrese`( `id`, `tip`, `judet`, `localitate`, `zona`, `strada`, `numar`, `litera`, `bloc`, `scara`, `etaj`, `apartament`, `cod_postal`, `cod_siruta`)VALUES( '851b6754-dbc0-406c-ac1f-8bfeb3022ec1', 'PJ', 'NEAMT', 'BORCA', 'BORCA', '', 0, '', '', '', '', '', '617075', '121661');
